無関心	0.0	0.0	0.0	100.0	
愛	1.0	0.0	0.0	100.0	
楽観	1.0	1.0	0.0	100.0	
喜び	1.0	1.0	1.0	100.0	
関心	1.0	1.0	-1.0	100.0	
服従	1.0	-1.0	0.0	100.0	
信頼	1.0	-1.0	1.0	100.0	
恐怖	1.0	-1.0	-1.0	100.0	
自責の念	-1.0	0.0	0.0	100.0	
軽蔑	-1.0	1.0	0.0	100.0	
憎しみ	-1.0	1.0	1.0	100.0	
怒り	-1.0	1.0	-1.0	100.0	
失望	-1.0	-1.0	0.0	100.0	
悲しみ	-1.0	-1.0	1.0	100.0	
驚き	-1.0	-1.0	-1.0	100.0	
攻撃的	0.0	1.0	0.0	100.0	
畏れ	0.0	-1.0	0.0	100.0	
創世	0.14285714285714285	0.0	0.2857142857142857	7.0	
記	0.14285714285714285	0.0	0.2857142857142857	7.0	
第	0.7142857142857143	0.0	0.6666666666666666	21.0	
1	0.3333333333333333	0.2222222222222222	0.2222222222222222	9.0	
章	0.25	0.125	0.125	8.0	
はじめ	1.0	1.0	1.0	1.0	
神	0.43902439024390244	0.0975609756097561	0.6585365853658537	82.0	
天	0.8333333333333334	0.3333333333333333	0.8333333333333334	12.0	
地	0.43283582089552236	0.05970149253731343	0.6268656716417911	67.0	
創造	0.8666666666666667	0.6	0.2	15.0	
さ	0.7	0.7	0.3	20.0	
れた	0.40625	0.21875	0.5	64.0	
。	0.22929936305732485	0.27388535031847105	0.07643312101910818	314.0	
2	0.3333333333333333	0.0	0.2222222222222222	9.0	
形	1.0	1.0	1.0	1.0	
なく	1.0	0.5	0.0	4.0	
、	0.17256637168141575	0.08628318584070797	0.2544247787610621	452.0	
むなしく	1.0	1.0	1.0	1.0	
やみ	1.0	1.0	1.0	4.0	
淵	1.0	0.5	0.5	2.0	
おもて	0.4	0.2	0.4	10.0	
あり	1.0	1.0	1.0	1.0	
霊	0.0	0.0	1.0	2.0	
水	1.0	0.6470588235294118	0.6470588235294118	17.0	
おおって	1.0	1.0	1.0	1.0	
いた	0.1111111111111111	-0.2222222222222222	0.4444444444444444	9.0	
3	0.1111111111111111	0.0	0.2222222222222222	9.0	
「	-0.20930232558139536	0.09302325581395349	0.4186046511627907	43.0	
光	1.0	1.0	1.0	11.0	
あれ	1.0	1.0	1.0	1.0	
」	-0.20930232558139536	0.09302325581395349	0.4186046511627907	43.0	
言わ	-0.06666666666666667	0.03333333333333333	0.7	30.0	
すると	1.0	1.0	1.0	1.0	
あった	1.0	0.5	0.5	2.0	
4	0.1111111111111111	0.2222222222222222	0.0	9.0	
その	0.06666666666666667	-0.13333333333333333	0.26666666666666666	60.0	
見て	0.75	0.5	1.0	8.0	
良し	1.0	1.0	1.0	6.0	
分け	1.0	1.0	1.0	4.0	
られた	0.44	0.0	0.56	25.0	
5	0.4	0.3	-0.1	10.0	
昼	1.0	1.0	1.0	4.0	
名づけ	1.0	1.0	0.42857142857142855	7.0	
夜	1.0	0.6666666666666666	0.6666666666666666	6.0	
夕	1.0	1.0	1.0	6.0	
なり	0.16666666666666666	0.8333333333333334	0.3333333333333333	12.0	
また	0.6923076923076923	0.46153846153846156	1.0	26.0	
朝	1.0	1.0	1.0	6.0	
なった	0.5238095238095238	0.7142857142857143	0.42857142857142855	21.0	
一	0.3333333333333333	-0.3333333333333333	0.7777777777777778	9.0	
日	0.8181818181818182	0.13636363636363635	0.5	22.0	
である	0.21739130434782608	-0.13043478260869565	0.6521739130434782	23.0	
6	0.1111111111111111	0.0	0.2222222222222222	9.0	
間	-0.3333333333333333	-0.3333333333333333	1.0	3.0	
おおぞら	1.0	1.0	1.0	9.0	
あって	1.0	1.0	1.0	3.0	
分けよ	1.0	1.0	1.0	1.0	
7	0.3333333333333333	0.1111111111111111	0.1111111111111111	9.0	
そのように	1.0	1.0	1.0	6.0	
造って	0.0	0.0	1.0	2.0	
下	0.5	0.25	0.75	4.0	
上	0.1111111111111111	-0.1111111111111111	0.7777777777777778	9.0	
8	0.25	0.125	0.125	8.0	
二	0.4	-0.2	0.6	10.0	
9	0.25	0.125	0.125	8.0	
つ	0.5714285714285714	-0.21428571428571427	0.5	14.0	
所	1.0	0.3333333333333333	1.0	3.0	
集まり	1.0	1.0	1.0	1.0	
かわいた	1.0	1.0	1.0	2.0	
現れよ	1.0	1.0	1.0	1.0	
10	0.25	0.125	0.125	8.0	
陸	1.0	0.5	0.5	2.0	
集まった	1.0	1.0	1.0	1.0	
海	1.0	1.0	1.0	5.0	
11	0.25	0.125	0.125	8.0	
青	1.0	1.0	1.0	3.0	
草	0.75	0.5	1.0	8.0	
種	1.0	1.0	1.0	6.0	
もつ	1.0	1.0	1.0	3.0	
種類	0.6666666666666666	0.3888888888888889	0.7222222222222222	18.0	
したがって	0.6	0.8	0.8	10.0	
ある	0.3333333333333333	0.0	0.8	15.0	
実	0.0	0.3333333333333333	0.6666666666666666	6.0	
結ぶ	1.0	1.0	1.0	3.0	
果樹	1.0	1.0	1.0	1.0	
はえ	1.0	0.0	1.0	4.0	
させ	1.0	0.0	1.0	4.0	
12	0.25	0.125	0.125	8.0	
木	-0.15789473684210525	-0.7894736842105263	1.0	19.0	
させた	1.0	1.0	1.0	1.0	
13	0.25	0.125	0.125	8.0	
三	0.2	-0.4	0.8	5.0	
14	0.25	0.125	0.125	8.0	
しるし	0.0	1.0	0.0	2.0	
ため	-0.06666666666666667	0.4666666666666667	0.06666666666666667	15.0	
季節	1.0	1.0	1.0	1.0	
年	0.9024390243902439	0.9024390243902439	-0.8536585365853658	41.0	
15	0.25	0.125	0.125	8.0	
照らす	1.0	1.0	1.0	1.0	
なれ	1.0	1.0	1.0	1.0	
16	0.25	0.125	0.125	8.0	
大きな	1.0	1.0	1.0	1.0	
造り	0.2727272727272727	-0.2727272727272727	0.6363636363636364	11.0	
大きい	1.0	1.0	1.0	1.0	
つかさどら	1.0	1.0	1.0	3.0	
せ	0.38461538461538464	-0.23076923076923078	1.0	13.0	
小さい	1.0	1.0	1.0	1.0	
星	1.0	1.0	1.0	1.0	
造ら	0.2	-0.2	1.0	5.0	
17	0.25	0.125	0.125	8.0	
これ	0.25	-0.375	0.875	16.0	
ら	0.0	-0.041666666666666664	0.2916666666666667	24.0	
置いて	0.0	0.0	1.0	2.0	
照らさ	1.0	1.0	1.0	1.0	
18	0.25	0.125	0.125	8.0	
19	0.25	0.125	0.125	8.0	
四	1.0	-0.3333333333333333	1.0	3.0	
20	0.25	0.125	0.125	8.0	
生き物	0.5555555555555556	0.1111111111111111	0.7777777777777778	9.0	
群れ	0.0	1.0	0.0	2.0	
満ち	1.0	1.0	1.0	1.0	
鳥	0.7333333333333333	0.13333333333333333	0.6666666666666666	15.0	
飛べ	1.0	1.0	1.0	1.0	
21	0.25	0.125	0.125	8.0	
大いなる	1.0	0.5	0.5	2.0	
獣	0.625	0.0	0.625	16.0	
群がる	1.0	0.5	0.5	2.0	
すべて	0.49019607843137253	-0.07843137254901959	0.5882352941176471	51.0	
動く	1.0	0.6666666666666666	0.6666666666666666	3.0	
し	0.0	-0.16666666666666666	0.8333333333333334	6.0	
翼	1.0	0.5	0.5	2.0	
22	0.25	0.125	0.125	8.0	
祝福	1.0	0.6	0.2	5.0	
して	0.3333333333333333	0.5555555555555556	0.1111111111111111	9.0	
生め	1.0	1.0	1.0	2.0	
ふえよ	1.0	1.0	1.0	3.0	
たる	1.0	1.0	1.0	1.0	
満ちよ	1.0	1.0	1.0	2.0	
23	0.42857142857142855	0.2857142857142857	0.0	7.0	
五	1.0	1.0	1.0	1.0	
24	0.42857142857142855	0.2857142857142857	0.0	7.0	
い	0.0	0.6	-0.2	10.0	
だせ	1.0	1.0	1.0	2.0	
家畜	0.5555555555555556	0.2222222222222222	0.4444444444444444	9.0	
這う	0.6	0.2	0.6	10.0	
もの	0.375	-0.1875	0.4375000000000001	32.0	
25	0.6	0.6	-0.2	5.0	
したがい	0.0	0.0	1.0	4.0	
物	-0.2	1.0	-0.2	5.0	
26	0.5	1.0	-0.5	4.0	
われわれ	0.6	0.6	0.2	5.0	
かたち	1.0	1.0	0.2	5.0	
かたどって	1.0	1.0	-0.3333333333333333	3.0	
人	8.881784197001253E-18	-0.6000000000000001	0.68	50.0	
魚	1.0	1.0	1.0	2.0	
空	0.75	0.0	0.75	8.0	
治め	0.0	1.0	0.0	2.0	
させよう	1.0	1.0	1.0	1.0	
27	1.0	1.0	-0.3333333333333333	3.0	
自分	0.42857142857142855	0.42857142857142855	-0.14285714285714285	7.0	
すなわち	0.42857142857142855	-0.14285714285714285	0.7142857142857143	7.0	
男	1.0	0.5	0.0	4.0	
女	-0.3333333333333333	-0.6	0.7333333333333333	15.0	
28	1.0	1.0	-0.3333333333333333	3.0	
彼	0.1538461538461538	0.28846153846153844	-0.25	52.0	
従わ	1.0	1.0	1.0	1.0	
治めよ	1.0	1.0	1.0	1.0	
29	1.0	1.0	-0.3333333333333333	3.0	
わたし	-0.6111111111111112	-0.1111111111111111	0.16666666666666666	36.0	
全	0.6	-0.4	0.8	5.0	
あなた	-0.7272727272727274	-0.29545454545454547	0.38636363636363646	44.0	
がた	0.0	0.0	1.0	4.0	
与える	1.0	0.3333333333333333	1.0	3.0	
食物	-0.2	-0.2	1.0	5.0	
なる	0.0	-0.4166666666666667	0.5833333333333334	12.0	
30	1.0	1.0	-0.3333333333333333	3.0	
命	0.0	-0.6	0.8	10.0	
31	1.0	1.0	-0.3333333333333333	3.0	
造った	0.2	-0.4	0.8	5.0	
見	0.0	-0.5	1.0	4.0	
ところ	0.0	-0.6666666666666666	1.0	6.0	
それ	-0.2	-0.5333333333333333	0.6666666666666666	15.0	
はなはだ	1.0	1.0	1.0	1.0	
良かった	1.0	1.0	1.0	1.0	
六	1.0	1.0	1.0	1.0	
〜	0.0	-0.16666666666666666	0.16666666666666666	12.0	
こうして	1.0	-0.5	0.5	2.0	
万象	1.0	-1.0	1.0	1.0	
完成	1.0	-1.0	1.0	1.0	
した	-0.5555555555555556	-0.4444444444444444	0.4444444444444444	9.0	
七	0.5555555555555556	-0.1111111111111111	0.1111111111111111	9.0	
作業	1.0	-1.0	1.0	2.0	
終え	1.0	-1.0	1.0	1.0	
終って	1.0	-1.0	1.0	2.0	
休ま	1.0	-1.0	1.0	2.0	
聖	1.0	-1.0	1.0	1.0	
別	1.0	-1.0	1.0	1.0	
この	0.0	0.375	-0.375	8.0	
わざ	1.0	-1.0	1.0	1.0	
天地	1.0	-1.0	1.0	1.0	
由来	1.0	-1.0	1.0	1.0	
主なる	0.1	-1.0	1.0	20.0	
時	0.4	0.1	-0.1	10.0	
まだ	1.0	-1.0	1.0	1.0	
野	0.0	-0.75	0.75	8.0	
はえて	1.0	-1.0	1.0	1.0	
なかった	0.6	-0.6	0.6	5.0	
雨	1.0	-0.3333333333333333	0.3333333333333333	3.0	
降ら	1.0	-0.5	0.5	2.0	
土	0.0	-0.6	0.6	10.0	
耕す	0.0	0.0	0.0	2.0	
しかし	0.0	-0.5	0.5	4.0	
泉	1.0	-1.0	1.0	1.0	
わき	1.0	-1.0	1.0	1.0	
あがって	1.0	-1.0	1.0	1.0	
全面	1.0	-1.0	1.0	1.0	
潤して	1.0	-1.0	1.0	1.0	
ちり	-0.5	-1.0	1.0	4.0	
息	0.5	-0.5	0.5	4.0	
鼻	1.0	-0.5	0.5	2.0	
吹き	1.0	-1.0	1.0	1.0	
いれ	1.0	-1.0	1.0	1.0	
そこ	0.0	-0.75	0.75	12.0	
生きた	0.6666666666666666	0.3333333333333333	-0.3333333333333333	6.0	
者	-0.8461538461538461	0.38461538461538464	-0.38461538461538464	13.0	
東	0.0	-0.5	0.5	4.0	
かた	1.0	-1.0	1.0	1.0	
エデン	0.0	-0.6666666666666666	0.6666666666666666	6.0	
園	-0.23076923076923078	-1.0	1.0	13.0	
設けて	0.0	-1.0	1.0	2.0	
置か	1.0	-1.0	1.0	1.0	
美しく	0.0	-1.0	1.0	2.0	
食べる	-0.6363636363636364	-1.0	1.0	11.0	
良い	1.0	-1.0	1.0	1.0	
更に	0.0	-1.0	1.0	2.0	
中央	0.0	-1.0	1.0	2.0	
善悪	0.0	-1.0	1.0	4.0	
知る	0.0	-1.0	1.0	4.0	
川	1.0	-1.0	1.0	5.0	
流れ出て	1.0	-1.0	1.0	1.0	
潤し	1.0	-1.0	1.0	1.0	
分	1.0	-1.0	1.0	1.0	
れて	0.0	-0.25	0.25	4.0	
名	0.18181818181818182	0.2727272727272727	-0.2727272727272727	22.0	
ピソン	1.0	-1.0	1.0	1.0	
いい	0.5	-0.5	0.5	4.0	
金	1.0	-1.0	1.0	2.0	
ハビラ	1.0	-1.0	1.0	1.0	
めぐる	1.0	-1.0	1.0	2.0	
良く	0.3333333333333333	-1.0	1.0	3.0	
ブドラク	1.0	-1.0	1.0	1.0	
しま	1.0	-1.0	1.0	1.0	
め	1.0	-1.0	1.0	1.0	
うと	1.0	-1.0	1.0	1.0	
産した	1.0	-1.0	1.0	1.0	
ギホン	1.0	-1.0	1.0	1.0	
クシ	1.0	-1.0	1.0	1.0	
ヒデケル	1.0	-1.0	1.0	1.0	
アッスリヤ	1.0	-1.0	1.0	1.0	
流れる	1.0	-1.0	1.0	1.0	
ユフラテ	1.0	-1.0	1.0	1.0	
連れて	1.0	-1.0	1.0	3.0	
行って	1.0	-1.0	1.0	1.0	
置き	1.0	-1.0	1.0	1.0	
耕さ	0.0	-1.0	1.0	2.0	
守ら	0.0	-1.0	1.0	2.0	
命じて	0.0	-1.0	1.0	2.0	
どの	0.0	-1.0	1.0	2.0	
心	-0.3333333333333333	-1.0	1.0	3.0	
まま	1.0	-1.0	1.0	1.0	
取って	-0.16666666666666666	-0.9166666666666666	0.9166666666666666	12.0	
食べて	1.0	-1.0	1.0	2.0	
よろしい	1.0	-1.0	1.0	1.0	
なら	-0.3333333333333333	-0.3333333333333333	0.3333333333333333	3.0	
ない	-0.3333333333333333	-0.3333333333333333	0.3333333333333333	12.0	
きっと	1.0	-1.0	1.0	1.0	
死ぬ	0.0	-1.0	1.0	2.0	
ひと	-0.42857142857142855	0.14285714285714285	-0.14285714285714285	7.0	
り	-0.4	0.0	0.0	10.0	
いる	-0.3333333333333333	-0.3333333333333333	0.3333333333333333	3.0	
の	-0.3333333333333333	-0.5555555555555556	0.5555555555555556	9.0	
ふさわしい	1.0	-1.0	1.0	2.0	
助け	1.0	-1.0	1.0	2.0	
手	0.0	-0.5	0.5	4.0	
造ろう	1.0	-1.0	1.0	1.0	
きて	0.5	0.0	0.0	4.0	
どんな	1.0	-1.0	1.0	1.0	
つける	1.0	-1.0	1.0	1.0	
つけた	1.0	-1.0	1.0	1.0	
見つから	1.0	-1.0	1.0	1.0	
深く	1.0	-1.0	1.0	1.0	
眠ら	1.0	-1.0	1.0	1.0	
眠った	1.0	-1.0	1.0	1.0	
あばら骨	1.0	-1.0	1.0	2.0	
肉	0.3333333333333333	-0.6666666666666666	0.6666666666666666	9.0	
ふさが	1.0	-1.0	1.0	1.0	
取った	1.0	-1.0	1.0	2.0	
こ	1.0	-1.0	1.0	1.0	
とき	0.0	0.0	0.0	2.0	
言った	-0.7777777777777778	0.1111111111111111	-0.1111111111111111	9.0	
ついに	0.0	-1.0	1.0	2.0	
骨	1.0	-1.0	1.0	2.0	
だ	-0.3333333333333333	-1.0	1.0	3.0	
名づけよう	1.0	-1.0	1.0	1.0	
父	1.0	-1.0	1.0	1.0	
母	0.0	-1.0	1.0	2.0	
離れて	0.0	0.0	0.0	2.0	
妻	-0.3684210526315789	-0.15789473684210525	0.15789473684210525	19.0	
結び	0.0	0.0	0.0	2.0	
合い	1.0	-1.0	1.0	1.0	
一体	1.0	-1.0	1.0	1.0	
ふた	-0.3333333333333333	-0.3333333333333333	0.3333333333333333	3.0	
裸	-0.5	-1.0	1.0	4.0	
であった	0.7391304347826086	0.6086956521739131	-0.6086956521739131	23.0	
恥ずかしい	1.0	-1.0	1.0	1.0	
思わ	0.0	-1.0	1.0	2.0	
さて	-0.3333333333333333	-0.6666666666666666	0.6666666666666666	3.0	
うち	-1.0	-1.0	1.0	3.0	
へび	-1.0	-1.0	1.0	6.0	
最も	-1.0	-1.0	1.0	2.0	
狡猾	-1.0	-1.0	1.0	1.0	
ほんとうに	-1.0	-1.0	1.0	1.0	
たち	-0.8333333333333334	-0.5833333333333334	0.5833333333333334	12.0	
こと	-1.0	-0.75	0.75	8.0	
許さ	-1.0	-1.0	1.0	1.0	
ます	-0.6666666666666666	0.5	-0.5	6.0	
ただ	0.0	-0.5	0.5	2.0	
ついて	-1.0	-1.0	1.0	1.0	
触れる	-1.0	-1.0	1.0	1.0	
死んで	-1.0	-1.0	1.0	1.0	
いけない	-1.0	-1.0	1.0	1.0	
れ	-1.0	-0.3333333333333333	0.3333333333333333	3.0	
ました	-1.0	0.0	0.0	4.0	
決して	-1.0	-1.0	1.0	1.0	
目	-1.0	-1.0	1.0	3.0	
開け	-1.0	-1.0	1.0	2.0	
知って	-1.0	-1.0	1.0	1.0	
おら	-1.0	-1.0	1.0	1.0	
れる	-1.0	-1.0	1.0	4.0	
見る	-1.0	-1.0	1.0	1.0	
賢く	-1.0	-1.0	1.0	1.0	
好ましい	-1.0	-1.0	1.0	1.0	
その実	-1.0	-1.0	1.0	1.0	
食べ	-1.0	-1.0	1.0	4.0	
共に	0.0	-0.5	0.5	6.0	
夫	-1.0	-1.0	1.0	2.0	
与えた	-1.0	-1.0	1.0	1.0	
食べた	-1.0	-1.0	1.0	4.0	
する	-1.0	-1.0	1.0	1.0	
わかった	-1.0	-1.0	1.0	1.0	
いちじく	-1.0	-1.0	1.0	1.0	
葉	-1.0	-1.0	1.0	1.0	
つづり	-1.0	-1.0	1.0	1.0	
合わせて	0.8947368421052632	0.8947368421052632	-0.8947368421052632	19.0	
腰	-1.0	-1.0	1.0	1.0	
巻いた	-1.0	-1.0	1.0	1.0	
涼しい	-1.0	-1.0	1.0	1.0	
風	-1.0	-1.0	1.0	1.0	
吹く	-1.0	-1.0	1.0	1.0	
ころ	-1.0	-1.0	1.0	2.0	
中	-0.2727272727272727	-0.45454545454545453	0.45454545454545453	11.0	
歩ま	-1.0	-1.0	1.0	2.0	
音	-1.0	-1.0	1.0	2.0	
聞いた	-1.0	-1.0	1.0	1.0	
顔	-1.0	0.2	-0.2	5.0	
避けて	0.0	-0.5	0.5	2.0	
身	-1.0	-1.0	1.0	2.0	
隠した	-1.0	-1.0	1.0	2.0	
呼びかけて	-1.0	-1.0	1.0	1.0	
どこ	-1.0	0.0	0.0	2.0	
答えた	-1.0	-0.5	0.5	4.0	
聞き	-1.0	-1.0	1.0	1.0	
だった	-1.0	-1.0	1.0	1.0	
恐れて	-1.0	-1.0	1.0	1.0	
だれ	-1.0	0.5	-0.5	4.0	
知らせた	-1.0	-1.0	1.0	1.0	
おいた	-1.0	-1.0	1.0	1.0	
一緒に	-1.0	-1.0	1.0	1.0	
くださった	-1.0	-1.0	1.0	1.0	
あの	-1.0	-1.0	1.0	1.0	
くれた	-1.0	-1.0	1.0	1.0	
なんという	-1.0	-1.0	1.0	1.0	
だました	-1.0	-1.0	1.0	1.0	
おまえ	-1.0	-1.0	1.0	6.0	
事	-1.0	0.0	0.0	4.0	
のろわ	-0.2	0.2	-0.2	5.0	
腹	-1.0	-1.0	1.0	1.0	
這い	-1.0	-1.0	1.0	1.0	
あるき	-1.0	-1.0	1.0	1.0	
一生	-1.0	-1.0	1.0	2.0	
恨み	-1.0	-1.0	1.0	1.0	
おく	-1.0	-1.0	1.0	1.0	
あいだ	0.3333333333333333	-0.3333333333333333	0.3333333333333333	3.0	
すえ	-1.0	-1.0	1.0	2.0	
かしら	-1.0	-1.0	1.0	1.0	
砕き	-1.0	-1.0	1.0	1.0	
かかと	-1.0	-1.0	1.0	1.0	
砕く	-1.0	-1.0	1.0	1.0	
つぎに	-1.0	-1.0	1.0	1.0	
産み	-1.0	0.0	0.0	2.0	
苦し	-1.0	-1.0	1.0	1.0	
み	-1.0	-1.0	1.0	1.0	
大いに	-1.0	0.0	0.0	2.0	
増す	-1.0	-1.0	1.0	1.0	
苦しんで	-1.0	-1.0	1.0	2.0	
子	-0.29411764705882354	0.058823529411764705	-0.058823529411764705	17.0	
産む	-1.0	-1.0	1.0	1.0	
なお	-1.0	-1.0	1.0	1.0	
慕い	-1.0	0.0	0.0	2.0	
治める	-1.0	-1.0	1.0	1.0	
言葉	-1.0	0.0	0.0	2.0	
聞いて	-1.0	-1.0	1.0	1.0	
命じた	-1.0	-1.0	1.0	1.0	
取る	-1.0	-1.0	1.0	1.0	
いばら	-1.0	-1.0	1.0	1.0	
あざ	-1.0	-1.0	1.0	1.0	
みと	-1.0	-1.0	1.0	1.0	
生じ	-1.0	-1.0	1.0	1.0	
汗して	-1.0	-1.0	1.0	1.0	
パン	-1.0	-1.0	1.0	1.0	
帰る	-1.0	-1.0	1.0	2.0	
取ら	0.3333333333333333	0.3333333333333333	-0.3333333333333333	3.0	
エバ	-1.0	0.0	0.0	2.0	
名づけた	0.14285714285714285	0.7142857142857143	-0.7142857142857143	7.0	
彼女	-1.0	0.6	-0.6	5.0	
皮	-1.0	-1.0	1.0	1.0	
着物	-1.0	-1.0	1.0	1.0	
着せ	-1.0	-1.0	1.0	1.0	
見よ	-1.0	-1.0	1.0	1.0	
伸	-1.0	-1.0	1.0	1.0	
永久	-1.0	-1.0	1.0	1.0	
生きる	-1.0	-1.0	1.0	1.0	
知れ	-1.0	-1.0	1.0	1.0	
追い出して	-1.0	-1.0	1.0	1.0	
追い出し	-1.0	-1.0	1.0	1.0	
ケルビム	-1.0	-1.0	1.0	1.0	
回る	-1.0	-1.0	1.0	1.0	
炎	-1.0	-1.0	1.0	1.0	
つるぎ	-1.0	-1.0	1.0	1.0	
道	-1.0	-1.0	1.0	1.0	
知った	-1.0	1.0	-1.0	3.0	
みごもり	-1.0	1.0	-1.0	1.0	
カイン	-1.0	1.0	-1.0	19.0	
産んで	-1.0	1.0	-1.0	1.0	
主に	-1.0	1.0	-1.0	3.0	
よって	-1.0	1.0	-1.0	1.0	
得た	-1.0	0.0	0.0	2.0	
弟	-1.0	1.0	-1.0	8.0	
アベル	-1.0	1.0	-1.0	9.0	
産んだ	-1.0	1.0	-1.0	4.0	
羊	-1.0	1.0	-1.0	1.0	
飼う	-1.0	1.0	-1.0	2.0	
たって	-1.0	1.0	-1.0	1.0	
産物	-1.0	1.0	-1.0	1.0	
持って	-1.0	1.0	-1.0	2.0	
供え	-1.0	1.0	-1.0	3.0	
のう	-1.0	1.0	-1.0	1.0	
いご	-1.0	1.0	-1.0	1.0	
肥えた	-1.0	1.0	-1.0	1.0	
きた	-1.0	1.0	-1.0	1.0	
主	-0.4117647058823529	0.35294117647058826	-0.35294117647058826	17.0	
顧み	-1.0	1.0	-1.0	2.0	
られ	-1.0	1.0	-1.0	2.0	
憤って	-1.0	1.0	-1.0	1.0	
伏せた	-1.0	1.0	-1.0	1.0	
なぜ	-1.0	1.0	-1.0	2.0	
憤る	-1.0	1.0	-1.0	1.0	
伏せる	-1.0	1.0	-1.0	1.0	
正しい	-0.3333333333333333	0.6666666666666666	-0.6666666666666666	3.0	
あげたら	-1.0	1.0	-1.0	1.0	
よい	-1.0	1.0	-1.0	1.0	
もし	-1.0	1.0	-1.0	1.0	
罪	-1.0	1.0	-1.0	1.0	
門口	-1.0	1.0	-1.0	1.0	
待ち	-1.0	1.0	-1.0	1.0	
伏せて	-1.0	1.0	-1.0	1.0	
求め	-1.0	1.0	-1.0	1.0	
なければ	-1.0	0.3333333333333333	-0.3333333333333333	3.0	
ませ	-1.0	1.0	-1.0	6.0	
さあ	-1.0	1.0	-1.0	1.0	
野原	-1.0	1.0	-1.0	1.0	
行こう	-1.0	1.0	-1.0	1.0	
立ち	-1.0	1.0	-1.0	1.0	
かかって	-1.0	1.0	-1.0	1.0	
殺した	-1.0	1.0	-1.0	2.0	
知り	-1.0	1.0	-1.0	1.0	
番人	-1.0	1.0	-1.0	1.0	
でしょう	-1.0	1.0	-1.0	1.0	
何	-1.0	1.0	-1.0	1.0	
血	-1.0	1.0	-1.0	2.0	
声	-1.0	1.0	-1.0	2.0	
叫んで	-1.0	1.0	-1.0	1.0	
今	-1.0	1.0	-1.0	1.0	
土地	-1.0	1.0	-1.0	4.0	
離れ	-1.0	1.0	-1.0	1.0	
口	-1.0	1.0	-1.0	1.0	
あけて	-1.0	1.0	-1.0	1.0	
受けた	-1.0	1.0	-1.0	1.0	
です	-1.0	1.0	-1.0	1.0	
耕して	-1.0	1.0	-1.0	1.0	
もはや	-1.0	1.0	-1.0	1.0	
地上	0.0	0.5	-0.5	4.0	
放浪	-1.0	1.0	-1.0	2.0	
罰	-1.0	1.0	-1.0	1.0	
重くて	-1.0	1.0	-1.0	1.0	
負い	-1.0	1.0	-1.0	1.0	
きれ	-1.0	1.0	-1.0	1.0	
きょう	-1.0	1.0	-1.0	1.0	
追放	-1.0	1.0	-1.0	1.0	
見付ける	-1.0	1.0	-1.0	2.0	
殺す	-1.0	1.0	-1.0	4.0	
いや	-1.0	1.0	-1.0	1.0	
そう	-1.0	1.0	-1.0	1.0	
で	-1.0	0.0	0.0	2.0	
倍	-1.0	1.0	-1.0	3.0	
復讐	-1.0	1.0	-1.0	3.0	
受ける	-1.0	1.0	-1.0	3.0	
そして	0.8823529411764706	1.0	-1.0	17.0	
打ち	-1.0	1.0	-1.0	2.0	
つけ	-1.0	1.0	-1.0	1.0	
前	-0.5	-0.25	0.25	4.0	
去って	-1.0	1.0	-1.0	1.0	
ノド	-1.0	1.0	-1.0	1.0	
住んだ	-1.0	1.0	-1.0	1.0	
みごもって	-1.0	1.0	-1.0	1.0	
エノク	0.6	1.0	-1.0	15.0	
町	-1.0	1.0	-1.0	2.0	
建て	-1.0	1.0	-1.0	1.0	
イラデ	-1.0	1.0	-1.0	2.0	
生れた	-1.0	0.3333333333333333	-0.3333333333333333	3.0	
メホヤエル	-1.0	1.0	-1.0	2.0	
メトサエル	-1.0	1.0	-1.0	2.0	
レメク	0.3333333333333333	1.0	-1.0	15.0	
めとった	-1.0	0.0	0.0	2.0	
アダ	-1.0	1.0	-1.0	3.0	
チラ	-1.0	1.0	-1.0	3.0	
いった	0.0	0.5	-0.5	6.0	
ヤバル	-1.0	1.0	-1.0	1.0	
天幕	-1.0	1.0	-1.0	1.0	
住んで	-1.0	1.0	-1.0	1.0	
先祖	-1.0	1.0	-1.0	2.0	
ユバル	-1.0	1.0	-1.0	1.0	
琴	-1.0	1.0	-1.0	1.0	
笛	-1.0	1.0	-1.0	1.0	
執る	-1.0	1.0	-1.0	1.0	
トバルカイン	-1.0	1.0	-1.0	2.0	
青銅	-1.0	1.0	-1.0	1.0	
鉄	-1.0	1.0	-1.0	1.0	
刃物	-1.0	1.0	-1.0	1.0	
鍛える	-1.0	1.0	-1.0	1.0	
妹	-1.0	1.0	-1.0	1.0	
ナアマ	-1.0	1.0	-1.0	1.0	
聞け	-1.0	1.0	-1.0	1.0	
耳	-1.0	1.0	-1.0	1.0	
傾けよ	-1.0	1.0	-1.0	1.0	
傷	-1.0	1.0	-1.0	2.0	
殺し	-1.0	1.0	-1.0	1.0	
若者	-1.0	1.0	-1.0	1.0	
ならば	-1.0	1.0	-1.0	1.0	
七十七	-1.0	1.0	-1.0	1.0	
アダム	0.8181818181818182	1.0	-1.0	11.0	
男の子	0.3333333333333333	1.0	-1.0	6.0	
セツ	0.6666666666666666	1.0	-1.0	12.0	
名づけて	-1.0	1.0	-1.0	1.0	
代り	-1.0	1.0	-1.0	1.0	
授け	-1.0	1.0	-1.0	1.0	
エノス	0.8181818181818182	1.0	-1.0	11.0	
人々	-0.5	-0.25	0.25	4.0	
呼び	-1.0	1.0	-1.0	1.0	
始めた	-1.0	1.0	-1.0	1.0	
系図	0.3333333333333333	0.3333333333333333	-0.3333333333333333	3.0	
次の	0.0	0.0	0.0	4.0	
とおり	0.0	0.0	0.0	4.0	
百三十	1.0	1.0	-1.0	2.0	
歳	1.0	0.95	-0.95	40.0	
なって	1.0	1.0	-1.0	20.0	
かたどり	1.0	1.0	-1.0	2.0	
生み	1.0	1.0	-1.0	4.0	
生んで	1.0	1.0	-1.0	2.0	
後	1.0	0.9	-0.9	20.0	
八百	1.0	1.0	-1.0	4.0	
であって	1.0	0.5	-0.5	4.0	
ほか	1.0	1.0	-1.0	2.0	
男子	1.0	1.0	-1.0	18.0	
女子	1.0	1.0	-1.0	18.0	
生んだ	0.9607843137254902	0.9607843137254902	-0.9607843137254902	51.0	
九百三十	1.0	1.0	-1.0	2.0	
死んだ	1.0	0.9411764705882353	-0.9411764705882353	17.0	
百五	1.0	1.0	-1.0	2.0	
八百七	1.0	1.0	-1.0	2.0	
生きて	1.0	1.0	-1.0	14.0	
九百十二	1.0	1.0	-1.0	2.0	
九十	1.0	1.0	-1.0	2.0	
カイナン	1.0	1.0	-1.0	10.0	
八百十五	1.0	1.0	-1.0	2.0	
九百五	1.0	1.0	-1.0	2.0	
七十	1.0	1.0	-1.0	2.0	
マハラレル	1.0	1.0	-1.0	10.0	
八百四十	1.0	1.0	-1.0	2.0	
九百十	1.0	1.0	-1.0	2.0	
六十五	1.0	1.0	-1.0	4.0	
ヤレド	1.0	1.0	-1.0	10.0	
八百三十	1.0	1.0	-1.0	2.0	
八百九十五	1.0	1.0	-1.0	2.0	
百六十二	1.0	1.0	-1.0	2.0	
九百六十二	1.0	1.0	-1.0	2.0	
メトセラ	1.0	1.0	-1.0	10.0	
三百	0.3333333333333333	0.3333333333333333	-0.3333333333333333	3.0	
ともに	0.3333333333333333	0.3333333333333333	-0.3333333333333333	6.0	
歩み	1.0	1.0	-1.0	4.0	
三百六十五	1.0	1.0	-1.0	2.0	
百八十七	1.0	1.0	-1.0	2.0	
七百八十二	1.0	1.0	-1.0	2.0	
九百六十九	1.0	1.0	-1.0	2.0	
百八十二	1.0	1.0	-1.0	2.0	
骨折り	1.0	1.0	-1.0	2.0	
働く	1.0	1.0	-1.0	2.0	
慰める	1.0	1.0	-1.0	2.0	
言って	1.0	1.0	-1.0	2.0	
ノア	0.44	-0.04	0.04	25.0	
五百九十五	1.0	1.0	-1.0	2.0	
七百七十七	1.0	1.0	-1.0	2.0	
32	1.0	1.0	-1.0	2.0	
五百	1.0	1.0	-1.0	2.0	
セム	0.5	0.25	-0.25	4.0	
ハム	0.5	0.25	-0.25	4.0	
ヤペテ	0.5	0.25	-0.25	4.0	
ふえ	-1.0	-1.0	1.0	1.0	
始めて	-1.0	-1.0	1.0	1.0	
娘	-1.0	-1.0	1.0	4.0	
美しい	-1.0	-1.0	1.0	1.0	
好	-1.0	-1.0	1.0	1.0	
む	-1.0	-1.0	1.0	1.0	
ながく	-1.0	-1.0	1.0	1.0	
とどまら	-1.0	-1.0	1.0	1.0	
すぎ	-1.0	-1.0	1.0	2.0	
百二十	-1.0	-1.0	1.0	1.0	
であろう	-1.0	-1.0	1.0	1.0	
その後	-1.0	-1.0	1.0	1.0	
ネピリム	-1.0	-1.0	1.0	1.0	
はいって	-1.0	-1.0	1.0	1.0	
産ま	-1.0	-1.0	1.0	1.0	
せた	-1.0	-1.0	1.0	1.0	
昔	-1.0	-1.0	1.0	1.0	
勇士	-1.0	-1.0	1.0	1.0	
であり	-1.0	-1.0	1.0	1.0	
有名な	-1.0	-1.0	1.0	1.0	
悪	-1.0	-1.0	1.0	1.0	
はびこり	-1.0	-1.0	1.0	1.0	
思い	-1.0	-1.0	1.0	1.0	
はかる	-1.0	-1.0	1.0	1.0	
いつも	-1.0	-1.0	1.0	1.0	
悪い	-1.0	-1.0	1.0	1.0	
悔いて	-1.0	-1.0	1.0	1.0	
痛め	-1.0	-1.0	1.0	1.0	
ぬぐい	0.3333333333333333	-0.3333333333333333	0.3333333333333333	3.0	
去ろう	-1.0	-1.0	1.0	1.0	
悔いる	-1.0	-1.0	1.0	1.0	
恵み	-1.0	-1.0	1.0	1.0	
時代	0.0	-0.5	0.5	2.0	
正しく	-1.0	-1.0	1.0	1.0	
かつ	-1.0	-1.0	1.0	1.0	
き	-1.0	-1.0	1.0	1.0	
歩んだ	-1.0	-1.0	1.0	1.0	
世	-1.0	-1.0	1.0	1.0	
乱れて	-1.0	-1.0	1.0	2.0	
暴虐	-1.0	-1.0	1.0	2.0	
満ちた	-1.0	-1.0	1.0	1.0	
られる	-1.0	-1.0	1.0	1.0	
その道	-1.0	-1.0	1.0	1.0	
乱した	-1.0	-1.0	1.0	1.0	
絶やそう	-1.0	-1.0	1.0	1.0	
決心	-1.0	-1.0	1.0	1.0	
満たした	-1.0	-1.0	1.0	1.0	
滅ぼそう	-1.0	-1.0	1.0	1.0	
いと	-1.0	-1.0	1.0	1.0	
箱	0.058823529411764705	-0.47058823529411764	0.47058823529411764	17.0	
舟	0.058823529411764705	-0.47058823529411764	0.47058823529411764	17.0	
へや	-1.0	-1.0	1.0	1.0	
設け	-1.0	-1.0	1.0	1.0	
アスファルト	-1.0	-1.0	1.0	1.0	
そと	-1.0	-1.0	1.0	1.0	
塗り	-1.0	-1.0	1.0	1.0	
なさい	-0.5	-0.75	0.75	8.0	
方	-1.0	-1.0	1.0	1.0	
長	-1.0	-1.0	1.0	1.0	
キュビト	-0.6	-0.8	0.8	5.0	
幅	-1.0	-1.0	1.0	1.0	
五十	-1.0	-1.0	1.0	1.0	
高	-1.0	-1.0	1.0	1.0	
三十	-1.0	-1.0	1.0	1.0	
屋根	-1.0	-1.0	1.0	1.0	
仕上げ	-1.0	-1.0	1.0	1.0	
戸口	-1.0	-1.0	1.0	1.0	
横	-1.0	-1.0	1.0	1.0	
階	-1.0	-1.0	1.0	3.0	
洪水	0.6	-0.2	0.2	5.0	
送って	-1.0	-1.0	1.0	1.0	
みな	0.2	-0.4	0.4	5.0	
滅ぼし	-1.0	-1.0	1.0	1.0	
去る	-1.0	-1.0	1.0	1.0	
死	-1.0	-1.0	1.0	1.0	
絶える	-1.0	-1.0	1.0	1.0	
ただし	-1.0	-1.0	1.0	1.0	
契約	-1.0	-1.0	1.0	1.0	
結ぼう	-1.0	-1.0	1.0	1.0	
はいり	0.0	-0.5	0.5	2.0	
それぞれ	-1.0	-1.0	1.0	2.0	
ずつ	0.42857142857142855	-0.2857142857142857	0.2857142857142857	7.0	
入れて	-1.0	-1.0	1.0	2.0	
保た	-1.0	-1.0	1.0	2.0	
雄	0.6666666666666666	-0.16666666666666666	0.16666666666666666	6.0	
雌	0.6666666666666666	-0.16666666666666666	0.16666666666666666	6.0	
とって	-1.0	-1.0	1.0	1.0	
たくわえ	-1.0	-1.0	1.0	1.0	
命じ	0.5	-0.25	0.25	4.0	
家族	1.0	0.0	0.0	1.0	
認めた	1.0	0.0	0.0	1.0	
清い	1.0	0.0	0.0	2.0	
取り	1.0	0.0	0.0	2.0	
清く	1.0	0.0	0.0	2.0	
生き残る	1.0	0.0	0.0	1.0	
四十	1.0	0.0	0.0	5.0	
せて	1.0	0.0	0.0	1.0	
去り	1.0	0.0	0.0	1.0	
起った	1.0	0.0	0.0	2.0	
六百	1.0	0.0	0.0	2.0	
はいった	1.0	0.0	0.0	4.0	
もと	1.0	0.0	0.0	2.0	
月	1.0	0.0	0.0	1.0	
十七	1.0	0.0	0.0	1.0	
源	1.0	0.0	0.0	1.0	
ことごとく	1.0	0.0	0.0	1.0	
破れ	1.0	0.0	0.0	1.0	
窓	1.0	0.0	0.0	1.0	
開けて	1.0	0.0	0.0	1.0	
降り注いだ	1.0	0.0	0.0	1.0	
同じ	1.0	0.0	0.0	1.0	
皆	1.0	0.0	0.0	2.0	
うしろ	1.0	0.0	0.0	1.0	
戸	1.0	0.0	0.0	1.0	
閉ざさ	1.0	0.0	0.0	1.0	
増して	1.0	0.0	0.0	1.0	
浮べた	1.0	0.0	0.0	1.0	
高く	1.0	0.0	0.0	1.0	
上がった	1.0	0.0	0.0	1.0	
みなぎり	1.0	0.0	0.0	2.0	
増した	1.0	0.0	0.0	1.0	
漂った	1.0	0.0	0.0	1.0	
ますます	1.0	0.0	0.0	1.0	
高い	1.0	0.0	0.0	1.0	
山々	1.0	0.0	0.0	2.0	
おおわ	1.0	0.0	0.0	2.0	
さらに	1.0	0.0	0.0	1.0	
十五	1.0	0.0	0.0	1.0	
みなぎって	1.0	0.0	0.0	1.0	
全く	1.0	0.0	0.0	1.0	
滅びた	1.0	0.0	0.0	1.0	
去ら	1.0	0.0	0.0	1.0	
残った	1.0	0.0	0.0	1.0	
百五十	1.0	0.0	0.0	1.0	
みなぎった	1.0	0.0	0.0	1.0	
